cycle_insert,frequency_i,,cycle_delete,frequency_d,,cycle_search,frequency_s
0,4,,0,2,,0,24758
1,25,,1,3,,1,6228
2,48,,2,8,,2,5734
3,48,,3,38,,3,3117
4,37,,4,25,,4,1353
5,42,,5,21,,5,790
6,52,,6,19,,6,910
7,46,,7,20,,7,620
8,44,,8,38,,8,522
9,41,,9,49,,9,751
10,53,,10,46,,10,644
11,43,,11,35,,11,485
12,39,,12,37,,12,518
13,42,,13,39,,13,549
14,24,,14,28,,14,480
15,25,,15,29,,15,1023
16,37,,16,39,,16,776
17,28,,17,49,,17,396
18,40,,18,36,,18,411
19,35,,19,29,,19,366
20,37,,20,41,,20,376
21,32,,21,45,,21,483
22,27,,22,33,,22,447
23,33,,23,34,,23,429
24,31,,24,60,,24,353
25,29,,25,45,,25,303
26,29,,26,62,,26,342
27,41,,27,43,,27,367
28,25,,28,47,,28,363
29,28,,29,40,,29,370
30,29,,30,27,,30,348
31,26,,31,28,,31,355
32,30,,32,28,,32,330
33,30,,33,28,,33,386
34,24,,34,31,,34,326
35,25,,35,22,,35,342
36,21,,36,22,,36,359
37,30,,37,19,,37,472
38,20,,38,23,,38,474
39,24,,39,25,,39,308
40,27,,40,28,,40,313
41,25,,41,21,,41,318
42,18,,42,25,,42,304
43,22,,43,12,,43,246
44,28,,44,12,,44,306
45,24,,45,23,,45,289
46,21,,46,24,,46,300
47,21,,47,27,,47,257
48,23,,48,35,,48,225
49,20,,49,31,,49,220
50,28,,50,30,,50,230
51,14,,51,40,,51,277
52,21,,52,31,,52,327
53,24,,53,29,,53,276
54,20,,54,30,,54,253
55,16,,55,29,,55,209
56,22,,56,16,,56,144
57,18,,57,20,,57,132
58,22,,58,14,,58,179
59,19,,59,9,,59,171
60,18,,60,19,,60,181
61,15,,61,21,,61,188
62,18,,62,23,,62,176
63,23,,63,26,,63,195
64,15,,64,31,,64,172
65,9,,65,30,,65,186
66,13,,66,29,,66,172
67,19,,67,34,,67,137
68,15,,68,50,,68,141
69,17,,69,26,,69,128
70,16,,70,26,,70,128
71,15,,71,19,,71,193
72,22,,72,12,,72,171
73,13,,73,18,,73,145
74,15,,74,16,,74,125
75,10,,75,20,,75,111
76,26,,76,6,,76,94
77,17,,77,9,,77,108
78,11,,78,18,,78,120
79,22,,79,10,,79,117
80,19,,80,17,,80,91
81,16,,81,14,,81,84
82,22,,82,15,,82,105
83,13,,83,15,,83,92
84,13,,84,16,,84,101
85,18,,85,9,,85,74
86,14,,86,8,,86,67
87,13,,87,17,,87,82
88,22,,88,17,,88,59
89,20,,89,12,,89,82
90,12,,90,25,,90,82
91,12,,91,18,,91,83
92,13,,92,20,,92,64
93,15,,93,19,,93,59
94,15,,94,19,,94,67
95,13,,95,10,,95,57
96,15,,96,16,,96,54
97,16,,97,17,,97,83
98,15,,98,12,,98,65
99,21,,99,17,,99,62
100,11,,100,5,,100,55
101,11,,101,9,,101,48
102,16,,102,19,,102,41
103,11,,103,20,,103,44
104,8,,104,21,,104,42
105,18,,105,18,,105,42
106,14,,106,18,,106,45
107,8,,107,21,,107,44
108,7,,108,21,,108,29
109,15,,109,20,,109,45
110,14,,110,18,,110,36
111,12,,111,11,,111,57
112,11,,112,13,,112,37
113,7,,113,21,,113,41
114,9,,114,15,,114,31
115,9,,115,16,,115,37
116,13,,116,10,,116,49
117,7,,117,11,,117,40
118,10,,118,7,,118,39
119,11,,119,7,,119,34
120,8,,120,6,,120,58
121,11,,121,4,,121,48
122,6,,122,2,,122,42
123,9,,123,5,,123,50
124,7,,124,3,,124,32
125,8,,125,4,,125,33
126,9,,126,5,,126,34
127,8,,127,3,,127,33
128,5,,128,4,,128,57
129,9,,129,5,,129,53
130,13,,130,4,,130,54
131,4,,131,4,,131,50
132,7,,132,2,,132,44
133,8,,133,1,,133,41
134,2,,134,1,,134,44
135,10,,135,1,,135,41
136,7,,136,1,,136,41
137,9,,138,1,,137,42
138,12,,141,1,,138,41
139,10,,143,1,,139,38
140,9,,146,1,,140,37
141,6,,147,1,,141,36
142,9,,149,2,,142,32
143,6,,150,1,,143,20
144,10,,151,5,,144,27
145,8,,152,6,,145,22
146,6,,153,2,,146,20
147,6,,154,2,,147,11
148,10,,155,2,,148,21
149,4,,156,4,,149,19
150,13,,157,2,,150,23
151,9,,158,4,,151,37
152,9,,159,2,,152,25
153,7,,160,1,,153,25
154,5,,161,2,,154,23
155,7,,162,2,,155,20
156,7,,163,2,,156,19
157,5,,164,1,,157,27
158,4,,168,2,,158,26
159,11,,170,1,,159,21
160,8,,171,2,,160,26
161,12,,173,2,,161,23
162,5,,174,1,,162,21
163,6,,175,4,,163,19
164,6,,177,1,,164,19
165,6,,179,3,,165,21
166,6,,180,2,,166,30
167,7,,182,1,,167,24
168,8,,187,1,,168,30
169,4,,194,1,,169,29
170,7,,195,1,,170,30
171,9,,218,1,,171,23
172,7,,231,1,,172,32
173,7,,233,1,,173,18
174,7,,266,1,,174,26
175,8,,267,1,,175,25
176,2,,284,2,,176,22
177,7,,285,2,,177,33
178,4,,286,6,,178,33
179,6,,287,4,,179,20
180,4,,288,8,,180,25
181,11,,289,5,,181,28
182,6,,290,9,,182,26
183,4,,291,5,,183,24
184,5,,292,5,,184,15
185,8,,293,8,,185,18
186,6,,294,10,,186,16
187,5,,295,5,,187,16
188,7,,296,6,,188,29
189,4,,297,7,,189,22
190,8,,298,8,,190,20
191,7,,299,11,,191,11
192,2,,300,5,,192,17
193,6,,301,9,,193,21
194,5,,302,10,,194,27
195,6,,303,6,,195,23
196,6,,304,9,,196,21
197,2,,305,6,,197,28
198,8,,306,3,,198,25
199,5,,307,6,,199,28
200,6,,308,5,,200,21
201,6,,309,4,,201,10
202,10,,310,2,,202,24
203,9,,311,14,,203,26
204,8,,312,10,,204,28
205,6,,313,9,,205,24
206,5,,314,15,,206,38
207,11,,315,17,,207,21
208,4,,316,23,,208,31
209,1,,317,17,,209,22
210,8,,318,23,,210,24
211,6,,319,17,,211,12
212,1,,320,19,,212,22
213,5,,321,10,,213,22
214,5,,322,19,,214,24
215,4,,323,20,,215,13
216,3,,324,17,,216,28
217,4,,325,16,,217,25
218,3,,326,13,,218,28
219,8,,327,12,,219,22
220,2,,328,15,,220,20
221,3,,329,19,,221,28
222,3,,330,13,,222,20
223,5,,331,15,,223,16
224,4,,332,12,,224,26
225,4,,333,14,,225,27
226,2,,334,9,,226,23
228,4,,335,18,,227,30
229,1,,336,13,,228,22
230,4,,337,16,,229,32
231,1,,338,18,,230,13
232,6,,339,8,,231,29
233,1,,340,9,,232,26
234,7,,341,13,,233,17
235,6,,342,10,,234,28
236,3,,343,10,,235,25
237,5,,344,16,,236,32
239,2,,345,25,,237,24
240,4,,346,25,,238,28
241,3,,347,20,,239,19
242,5,,348,24,,240,29
243,3,,349,16,,241,26
244,1,,350,23,,242,24
245,7,,351,19,,243,16
246,2,,352,14,,244,36
247,4,,353,15,,245,29
248,6,,354,8,,246,34
249,2,,355,9,,247,35
250,3,,356,10,,248,37
251,5,,357,3,,249,40
252,1,,358,6,,250,38
253,3,,359,9,,251,38
254,6,,360,7,,252,34
255,3,,361,6,,253,33
256,4,,362,12,,254,35
257,4,,363,9,,255,28
258,7,,364,10,,256,28
259,1,,365,4,,257,23
260,4,,366,6,,258,20
261,2,,367,12,,259,34
262,2,,368,15,,260,27
263,6,,369,10,,261,23
264,2,,370,18,,262,30
265,1,,371,9,,263,24
266,2,,372,15,,264,23
267,4,,373,9,,265,30
268,4,,374,4,,266,18
269,1,,375,5,,267,22
270,5,,376,7,,268,18
271,1,,377,1,,269,20
272,1,,378,2,,270,19
273,2,,379,1,,271,18
274,3,,380,1,,272,10
275,5,,381,1,,273,27
276,1,,382,1,,274,23
277,1,,384,1,,275,12
278,5,,387,1,,276,16
279,3,,389,1,,277,21
280,5,,392,1,,278,9
281,2,,393,3,,279,21
282,4,,394,2,,280,16
283,8,,395,3,,281,14
284,4,,396,2,,282,19
285,1,,397,2,,283,11
286,4,,398,6,,284,20
287,5,,399,5,,285,10
288,3,,400,12,,286,17
289,3,,401,13,,287,18
290,2,,402,11,,288,19
291,5,,403,9,,289,25
292,1,,404,10,,290,24
293,3,,405,7,,291,23
294,2,,406,9,,292,18
295,2,,407,3,,293,6
296,3,,408,5,,294,18
297,2,,409,3,,295,16
298,4,,410,4,,296,27
299,1,,412,1,,297,12
300,3,,414,1,,298,14
301,1,,416,1,,299,8
302,3,,417,1,,300,21
303,1,,418,1,,301,18
304,5,,423,1,,302,16
305,4,,435,1,,303,21
306,3,,446,1,,304,17
307,1,,450,1,,305,16
308,3,,471,1,,306,17
309,2,,473,1,,307,16
310,7,,490,1,,308,18
311,1,,505,1,,309,15
312,7,,564,1,,310,13
313,3,,568,1,,311,13
314,2,,570,1,,312,18
315,5,,604,1,,313,9
316,2,,632,1,,314,10
317,2,,670,1,,315,13
318,7,,728,1,,316,14
319,1,,819,1,,317,13
320,2,,899,1,,318,9
321,4,,1003,1,,319,8
322,5,,1043,1,,320,15
323,1,,1137,1,,321,13
324,2,,1182,1,,322,10
325,4,,1315,1,,323,10
326,3,,1323,1,,324,11
327,6,,1453,1,,325,13
328,3,,1459,1,,326,6
329,6,,1983,1,,327,14
330,1,,,,,328,13
331,4,,,,,329,9
332,3,,,,,330,12
333,4,,,,,331,7
334,4,,,,,332,14
335,5,,,,,333,14
336,1,,,,,334,14
337,3,,,,,335,12
338,2,,,,,336,15
339,2,,,,,337,19
340,4,,,,,338,18
341,4,,,,,339,16
342,3,,,,,340,14
343,5,,,,,341,19
344,2,,,,,342,24
345,2,,,,,343,10
346,5,,,,,344,12
347,5,,,,,345,17
348,2,,,,,346,18
350,2,,,,,347,21
351,1,,,,,348,17
352,4,,,,,349,26
353,3,,,,,350,15
354,1,,,,,351,18
355,3,,,,,352,18
356,4,,,,,353,19
357,3,,,,,354,18
358,2,,,,,355,13
360,1,,,,,356,23
361,6,,,,,357,17
362,3,,,,,358,11
363,3,,,,,359,13
364,3,,,,,360,14
365,3,,,,,361,9
367,1,,,,,362,10
368,1,,,,,363,19
369,1,,,,,364,15
370,1,,,,,365,12
371,5,,,,,366,16
372,4,,,,,367,13
373,3,,,,,368,14
375,4,,,,,369,10
376,2,,,,,370,13
377,3,,,,,371,13
378,2,,,,,372,15
380,2,,,,,373,16
381,2,,,,,374,11
382,4,,,,,375,17
383,1,,,,,376,15
384,2,,,,,377,22
385,1,,,,,378,17
387,3,,,,,379,12
388,4,,,,,380,14
389,2,,,,,381,13
390,7,,,,,382,10
391,4,,,,,383,14
392,2,,,,,384,21
393,4,,,,,385,17
394,5,,,,,386,15
396,4,,,,,387,17
397,3,,,,,388,21
398,3,,,,,389,14
399,2,,,,,390,23
400,2,,,,,391,19
401,3,,,,,392,18
402,2,,,,,393,19
403,4,,,,,394,19
404,2,,,,,395,17
405,2,,,,,396,17
406,2,,,,,397,19
407,3,,,,,398,19
408,2,,,,,399,14
409,1,,,,,400,18
410,4,,,,,401,16
411,3,,,,,402,11
412,3,,,,,403,8
413,2,,,,,404,18
415,2,,,,,405,11
416,3,,,,,406,22
417,3,,,,,407,18
418,3,,,,,408,9
419,3,,,,,409,8
420,1,,,,,410,18
421,3,,,,,411,14
422,3,,,,,412,18
423,1,,,,,413,16
424,2,,,,,414,20
425,4,,,,,415,9
426,3,,,,,416,14
427,2,,,,,417,14
428,1,,,,,418,15
429,2,,,,,419,13
430,2,,,,,420,16
431,1,,,,,421,12
432,1,,,,,422,13
434,1,,,,,423,15
435,1,,,,,424,11
436,2,,,,,425,20
437,5,,,,,426,17
438,1,,,,,427,13
439,3,,,,,428,4
440,1,,,,,429,10
441,1,,,,,430,14
442,3,,,,,431,17
443,5,,,,,432,10
445,3,,,,,433,16
446,1,,,,,434,8
447,3,,,,,435,13
449,3,,,,,436,12
450,3,,,,,437,10
451,2,,,,,438,14
452,3,,,,,439,12
453,1,,,,,440,7
454,1,,,,,441,15
455,2,,,,,442,4
456,1,,,,,443,19
457,1,,,,,444,13
458,2,,,,,445,16
459,3,,,,,446,12
460,3,,,,,447,11
461,2,,,,,448,21
462,1,,,,,449,10
463,2,,,,,450,14
466,3,,,,,451,10
467,2,,,,,452,15
468,2,,,,,453,13
469,2,,,,,454,21
471,6,,,,,455,15
473,2,,,,,456,16
474,2,,,,,457,13
475,2,,,,,458,27
476,1,,,,,459,14
477,1,,,,,460,9
478,1,,,,,461,5
479,4,,,,,462,12
481,1,,,,,463,13
482,6,,,,,464,11
483,2,,,,,465,17
485,2,,,,,466,8
486,5,,,,,467,14
487,2,,,,,468,11
488,3,,,,,469,9
489,1,,,,,470,14
490,4,,,,,471,11
491,3,,,,,472,13
492,1,,,,,473,13
493,2,,,,,474,15
494,1,,,,,475,13
495,6,,,,,476,17
496,1,,,,,477,10
497,1,,,,,478,8
499,1,,,,,479,16
500,3,,,,,480,8
501,2,,,,,481,11
502,1,,,,,482,20
503,1,,,,,483,11
504,5,,,,,484,15
505,2,,,,,485,14
506,2,,,,,486,16
507,1,,,,,487,9
508,2,,,,,488,26
509,1,,,,,489,15
510,1,,,,,490,10
511,6,,,,,491,15
512,2,,,,,492,8
513,2,,,,,493,24
514,1,,,,,494,12
515,1,,,,,495,18
516,1,,,,,496,24
517,3,,,,,497,6
518,1,,,,,498,12
519,3,,,,,499,16
520,1,,,,,500,18
521,2,,,,,501,10
522,1,,,,,502,6
523,1,,,,,503,18
524,2,,,,,504,15
525,1,,,,,505,8
527,4,,,,,506,7
528,3,,,,,507,15
529,3,,,,,508,10
530,1,,,,,509,13
531,1,,,,,510,10
532,2,,,,,511,4
533,1,,,,,512,17
534,1,,,,,513,6
535,1,,,,,514,14
536,3,,,,,515,13
537,1,,,,,516,15
539,1,,,,,517,19
540,2,,,,,518,5
541,2,,,,,519,13
542,1,,,,,520,15
543,1,,,,,521,10
547,2,,,,,522,16
549,1,,,,,523,16
551,2,,,,,524,16
552,1,,,,,525,13
553,3,,,,,526,13
554,2,,,,,527,15
555,2,,,,,528,17
556,2,,,,,529,16
558,3,,,,,530,11
559,2,,,,,531,14
560,2,,,,,532,12
561,2,,,,,533,20
562,2,,,,,534,11
563,3,,,,,535,20
564,3,,,,,536,14
565,1,,,,,537,16
568,2,,,,,538,17
569,1,,,,,539,13
570,4,,,,,540,13
572,2,,,,,541,21
574,3,,,,,542,20
575,3,,,,,543,11
577,4,,,,,544,10
582,1,,,,,545,20
583,1,,,,,546,20
585,4,,,,,547,16
586,1,,,,,548,12
587,1,,,,,549,16
588,1,,,,,550,8
590,2,,,,,551,18
591,2,,,,,552,13
592,2,,,,,553,11
593,1,,,,,554,13
594,4,,,,,555,18
595,1,,,,,556,12
596,3,,,,,557,9
599,3,,,,,558,8
600,1,,,,,559,6
602,1,,,,,560,11
604,3,,,,,561,22
605,4,,,,,562,8
606,2,,,,,563,7
607,1,,,,,564,5
609,1,,,,,565,7
610,1,,,,,566,13
611,4,,,,,567,13
612,1,,,,,568,7
613,2,,,,,569,7
614,1,,,,,570,7
615,3,,,,,571,14
616,1,,,,,572,17
617,6,,,,,573,13
618,1,,,,,574,8
619,1,,,,,575,6
620,1,,,,,576,13
622,2,,,,,577,15
623,1,,,,,578,18
624,1,,,,,579,14
627,1,,,,,580,15
628,1,,,,,581,13
630,1,,,,,582,12
631,1,,,,,583,14
635,2,,,,,584,7
636,2,,,,,585,5
638,1,,,,,586,9
639,1,,,,,587,12
640,2,,,,,588,13
641,1,,,,,589,8
642,1,,,,,590,5
643,1,,,,,591,7
645,1,,,,,592,10
648,1,,,,,593,8
649,1,,,,,594,8
650,2,,,,,595,11
653,1,,,,,596,14
654,1,,,,,597,7
655,1,,,,,598,16
657,1,,,,,599,11
658,3,,,,,600,16
663,1,,,,,601,12
664,1,,,,,602,16
665,2,,,,,603,8
666,2,,,,,604,13
667,1,,,,,605,5
668,1,,,,,606,15
669,2,,,,,607,9
670,1,,,,,608,5
671,1,,,,,609,7
674,3,,,,,610,7
681,3,,,,,611,4
683,1,,,,,612,7
686,2,,,,,613,6
687,1,,,,,614,3
690,1,,,,,615,13
693,2,,,,,616,6
694,2,,,,,617,8
700,1,,,,,618,11
703,1,,,,,619,6
709,1,,,,,620,9
710,1,,,,,621,4
717,2,,,,,622,11
718,1,,,,,623,9
720,1,,,,,624,7
721,5,,,,,625,4
722,2,,,,,626,5
724,1,,,,,627,6
726,1,,,,,628,8
728,1,,,,,629,13
729,1,,,,,630,12
731,2,,,,,631,8
737,1,,,,,632,11
739,1,,,,,633,4
742,1,,,,,634,6
751,3,,,,,635,4
752,1,,,,,636,6
753,1,,,,,637,8
756,1,,,,,638,9
758,1,,,,,639,5
762,1,,,,,640,4
763,2,,,,,641,12
769,1,,,,,642,3
773,1,,,,,643,6
777,2,,,,,644,10
778,1,,,,,645,5
779,2,,,,,646,7
781,2,,,,,647,8
785,1,,,,,648,10
786,1,,,,,649,6
788,1,,,,,650,7
789,1,,,,,651,2
790,2,,,,,652,7
791,1,,,,,653,12
793,2,,,,,654,10
795,1,,,,,655,13
798,1,,,,,656,9
799,2,,,,,657,8
804,1,,,,,658,3
806,1,,,,,659,5
808,1,,,,,660,11
812,1,,,,,661,3
816,1,,,,,662,6
818,1,,,,,663,9
826,2,,,,,664,10
827,1,,,,,665,6
830,1,,,,,666,10
834,2,,,,,667,2
835,1,,,,,668,3
836,1,,,,,669,6
842,1,,,,,670,6
849,2,,,,,671,5
853,1,,,,,672,2
857,2,,,,,673,6
859,1,,,,,674,5
864,1,,,,,675,2
872,1,,,,,676,4
875,1,,,,,677,8
878,1,,,,,678,3
883,1,,,,,679,4
905,2,,,,,680,7
907,1,,,,,681,7
911,1,,,,,682,7
912,1,,,,,683,4
913,1,,,,,684,4
917,1,,,,,685,5
918,1,,,,,686,6
919,1,,,,,687,2
925,1,,,,,688,7
926,1,,,,,689,7
928,3,,,,,690,8
940,2,,,,,691,9
947,1,,,,,692,7
948,1,,,,,693,6
949,1,,,,,694,10
951,1,,,,,695,4
959,2,,,,,696,11
960,1,,,,,697,3
962,1,,,,,698,11
964,1,,,,,699,4
976,1,,,,,700,8
980,1,,,,,701,14
981,1,,,,,702,8
982,1,,,,,703,5
983,1,,,,,704,9
986,2,,,,,705,8
989,1,,,,,706,9
991,1,,,,,707,9
993,1,,,,,708,8
998,2,,,,,709,10
1013,2,,,,,710,4
1027,1,,,,,711,9
1033,1,,,,,712,6
1047,1,,,,,713,7
1052,1,,,,,714,7
1056,1,,,,,715,7
1058,1,,,,,716,11
1059,1,,,,,717,14
1063,1,,,,,718,9
1070,1,,,,,719,6
1085,1,,,,,720,5
1119,1,,,,,721,10
1120,1,,,,,722,6
1125,1,,,,,723,10
1134,1,,,,,724,8
1137,1,,,,,725,8
1146,1,,,,,726,10
1165,1,,,,,727,4
1206,1,,,,,728,8
1221,1,,,,,729,7
1250,1,,,,,730,8
1252,1,,,,,731,9
1320,1,,,,,732,3
1368,1,,,,,733,9
1463,1,,,,,734,12
1476,1,,,,,735,12
1483,1,,,,,736,9
1498,1,,,,,737,7
1505,1,,,,,738,5
1514,1,,,,,739,7
1636,1,,,,,740,2
1666,1,,,,,741,6
1714,1,,,,,742,10
1774,1,,,,,743,6
2096,1,,,,,744,12
2167,1,,,,,745,4
2188,1,,,,,746,6
2266,1,,,,,747,10
2474,1,,,,,748,10
2838,1,,,,,749,6
2878,1,,,,,750,10
,,,,,,751,12
,,,,,,752,6
,,,,,,753,5
,,,,,,754,8
,,,,,,755,6
,,,,,,756,13
,,,,,,757,9
,,,,,,758,4
,,,,,,759,11
,,,,,,760,10
,,,,,,761,14
,,,,,,762,10
,,,,,,763,5
,,,,,,764,4
,,,,,,765,12
,,,,,,766,6
,,,,,,767,7
,,,,,,768,5
,,,,,,769,9
,,,,,,770,8
,,,,,,771,5
,,,,,,772,8
,,,,,,773,10
,,,,,,774,4
,,,,,,775,5
,,,,,,776,8
,,,,,,777,10
,,,,,,778,7
,,,,,,779,6
,,,,,,780,5
,,,,,,781,7
,,,,,,782,10
,,,,,,783,7
,,,,,,784,11
,,,,,,785,5
,,,,,,786,7
,,,,,,787,1
,,,,,,788,9
,,,,,,789,7
,,,,,,790,9
,,,,,,791,7
,,,,,,792,4
,,,,,,793,9
,,,,,,794,6
,,,,,,795,10
,,,,,,796,11
,,,,,,797,8
,,,,,,798,5
,,,,,,799,6
,,,,,,800,4
,,,,,,801,7
,,,,,,802,8
,,,,,,803,8
,,,,,,804,5
,,,,,,805,4
,,,,,,806,10
,,,,,,807,7
,,,,,,808,10
,,,,,,809,3
,,,,,,810,4
,,,,,,811,6
,,,,,,812,10
,,,,,,813,5
,,,,,,814,5
,,,,,,815,7
,,,,,,816,10
,,,,,,817,4
,,,,,,818,8
,,,,,,819,8
,,,,,,820,10
,,,,,,821,3
,,,,,,822,4
,,,,,,823,5
,,,,,,824,7
,,,,,,825,6
,,,,,,826,5
,,,,,,827,5
,,,,,,828,3
,,,,,,829,2
,,,,,,830,8
,,,,,,831,3
,,,,,,832,4
,,,,,,833,5
,,,,,,834,5
,,,,,,835,5
,,,,,,836,4
,,,,,,837,9
,,,,,,838,6
,,,,,,839,5
,,,,,,840,3
,,,,,,841,5
,,,,,,842,5
,,,,,,843,4
,,,,,,844,11
,,,,,,845,9
,,,,,,846,5
,,,,,,847,6
,,,,,,848,8
,,,,,,849,6
,,,,,,850,4
,,,,,,851,4
,,,,,,852,5
,,,,,,853,4
,,,,,,854,6
,,,,,,855,5
,,,,,,856,4
,,,,,,857,8
,,,,,,858,7
,,,,,,859,8
,,,,,,860,11
,,,,,,861,7
,,,,,,862,2
,,,,,,863,3
,,,,,,864,8
,,,,,,865,7
,,,,,,866,3
,,,,,,868,6
,,,,,,869,8
,,,,,,870,3
,,,,,,871,9
,,,,,,872,6
,,,,,,873,9
,,,,,,874,6
,,,,,,875,8
,,,,,,876,7
,,,,,,877,5
,,,,,,878,6
,,,,,,879,6
,,,,,,880,4
,,,,,,881,4
,,,,,,882,4
,,,,,,883,7
,,,,,,884,8
,,,,,,885,5
,,,,,,886,5
,,,,,,887,11
,,,,,,888,8
,,,,,,889,4
,,,,,,890,10
,,,,,,891,7
,,,,,,892,8
,,,,,,893,8
,,,,,,894,10
,,,,,,895,6
,,,,,,896,7
,,,,,,897,4
,,,,,,898,6
,,,,,,899,6
,,,,,,900,6
,,,,,,901,6
,,,,,,902,6
,,,,,,903,8
,,,,,,904,7
,,,,,,905,1
,,,,,,906,6
,,,,,,907,9
,,,,,,908,8
,,,,,,909,8
,,,,,,910,5
,,,,,,911,7
,,,,,,912,5
,,,,,,913,3
,,,,,,914,1
,,,,,,915,5
,,,,,,917,1
,,,,,,918,2
,,,,,,919,2
,,,,,,920,5
,,,,,,921,2
,,,,,,922,2
,,,,,,923,5
,,,,,,924,5
,,,,,,925,5
,,,,,,926,2
,,,,,,927,5
,,,,,,928,9
,,,,,,929,4
,,,,,,930,7
,,,,,,931,4
,,,,,,932,4
,,,,,,933,1
,,,,,,934,4
,,,,,,935,1
,,,,,,936,8
,,,,,,937,5
,,,,,,938,3
,,,,,,939,7
,,,,,,940,3
,,,,,,941,4
,,,,,,942,4
,,,,,,943,6
,,,,,,944,4
,,,,,,945,5
,,,,,,946,7
,,,,,,947,10
,,,,,,948,4
,,,,,,949,3
,,,,,,950,3
,,,,,,951,7
,,,,,,952,5
,,,,,,953,11
,,,,,,954,7
,,,,,,955,7
,,,,,,956,5
,,,,,,957,3
,,,,,,958,12
,,,,,,959,6
,,,,,,960,3
,,,,,,961,4
,,,,,,962,3
,,,,,,963,7
,,,,,,964,7
,,,,,,965,6
,,,,,,966,6
,,,,,,967,3
,,,,,,968,4
,,,,,,969,3
,,,,,,970,3
,,,,,,971,6
,,,,,,972,2
,,,,,,973,7
,,,,,,974,3
,,,,,,975,3
,,,,,,976,5
,,,,,,977,3
,,,,,,978,5
,,,,,,979,5
,,,,,,980,1
,,,,,,981,2
,,,,,,982,2
,,,,,,983,3
,,,,,,984,2
,,,,,,985,3
,,,,,,986,7
,,,,,,987,2
,,,,,,988,3
,,,,,,989,1
,,,,,,990,3
,,,,,,991,6
,,,,,,992,4
,,,,,,993,10
,,,,,,994,6
,,,,,,995,12
,,,,,,996,6
,,,,,,997,2
,,,,,,998,2
,,,,,,999,9
,,,,,,1000,7
,,,,,,1001,4
,,,,,,1002,4
,,,,,,1003,7
,,,,,,1004,6
,,,,,,1005,3
,,,,,,1006,12
,,,,,,1007,7
,,,,,,1008,3
,,,,,,1009,5
,,,,,,1010,8
,,,,,,1011,3
,,,,,,1012,5
,,,,,,1013,7
,,,,,,1014,5
,,,,,,1015,3
,,,,,,1016,3
,,,,,,1017,4
,,,,,,1018,5
,,,,,,1019,6
,,,,,,1020,1
,,,,,,1021,4
,,,,,,1022,3
,,,,,,1023,2
,,,,,,1024,9
,,,,,,1025,2
,,,,,,1026,4
,,,,,,1027,5
,,,,,,1028,4
,,,,,,1029,7
,,,,,,1030,7
,,,,,,1031,6
,,,,,,1032,2
,,,,,,1033,5
,,,,,,1034,4
,,,,,,1035,5
,,,,,,1036,5
,,,,,,1037,2
,,,,,,1038,7
,,,,,,1039,8
,,,,,,1040,6
,,,,,,1041,7
,,,,,,1042,3
,,,,,,1043,6
,,,,,,1044,8
,,,,,,1045,6
,,,,,,1046,9
,,,,,,1047,5
,,,,,,1048,6
,,,,,,1049,6
,,,,,,1050,10
,,,,,,1051,5
,,,,,,1052,6
,,,,,,1053,5
,,,,,,1054,9
,,,,,,1055,6
,,,,,,1056,6
,,,,,,1057,8
,,,,,,1058,4
,,,,,,1059,7
,,,,,,1060,8
,,,,,,1061,7
,,,,,,1062,5
,,,,,,1063,3
,,,,,,1064,2
,,,,,,1065,5
,,,,,,1066,1
,,,,,,1067,5
,,,,,,1068,4
,,,,,,1069,3
,,,,,,1070,7
,,,,,,1071,6
,,,,,,1072,4
,,,,,,1074,3
,,,,,,1075,4
,,,,,,1076,6
,,,,,,1077,4
,,,,,,1078,9
,,,,,,1079,3
,,,,,,1080,4
,,,,,,1081,7
,,,,,,1082,3
,,,,,,1083,2
,,,,,,1084,4
,,,,,,1085,5
,,,,,,1086,5
,,,,,,1087,5
,,,,,,1088,4
,,,,,,1089,8
,,,,,,1090,6
,,,,,,1091,2
,,,,,,1092,5
,,,,,,1093,3
,,,,,,1094,3
,,,,,,1095,5
,,,,,,1096,7
,,,,,,1097,3
,,,,,,1098,2
,,,,,,1099,5
,,,,,,1100,7
,,,,,,1101,8
,,,,,,1102,3
,,,,,,1103,1
,,,,,,1104,4
,,,,,,1105,5
,,,,,,1106,7
,,,,,,1107,5
,,,,,,1108,5
,,,,,,1109,2
,,,,,,1110,8
,,,,,,1111,9
,,,,,,1112,5
,,,,,,1113,5
,,,,,,1114,6
,,,,,,1115,8
,,,,,,1116,7
,,,,,,1117,6
,,,,,,1118,3
,,,,,,1119,3
,,,,,,1120,6
,,,,,,1121,6
,,,,,,1122,4
,,,,,,1123,6
,,,,,,1124,6
,,,,,,1125,5
,,,,,,1126,4
,,,,,,1127,6
,,,,,,1128,4
,,,,,,1129,6
,,,,,,1130,10
,,,,,,1131,2
,,,,,,1132,6
,,,,,,1133,9
,,,,,,1134,8
,,,,,,1135,3
,,,,,,1136,7
,,,,,,1137,3
,,,,,,1138,3
,,,,,,1139,4
,,,,,,1140,7
,,,,,,1141,7
,,,,,,1142,2
,,,,,,1143,9
,,,,,,1144,8
,,,,,,1145,5
,,,,,,1146,8
,,,,,,1147,6
,,,,,,1148,4
,,,,,,1149,9
,,,,,,1150,7
,,,,,,1151,6
,,,,,,1152,8
,,,,,,1153,9
,,,,,,1154,7
,,,,,,1155,5
,,,,,,1156,5
,,,,,,1157,8
,,,,,,1158,7
,,,,,,1159,5
,,,,,,1160,4
,,,,,,1161,9
,,,,,,1162,8
,,,,,,1163,8
,,,,,,1165,6
,,,,,,1166,12
,,,,,,1167,4
,,,,,,1168,6
,,,,,,1169,2
,,,,,,1170,8
,,,,,,1171,9
,,,,,,1172,8
,,,,,,1173,5
,,,,,,1174,10
,,,,,,1175,14
,,,,,,1176,7
,,,,,,1177,9
,,,,,,1178,13
,,,,,,1179,16
,,,,,,1180,4
,,,,,,1181,10
,,,,,,1182,8
,,,,,,1183,3
,,,,,,1184,10
,,,,,,1185,9
,,,,,,1186,4
,,,,,,1187,8
,,,,,,1188,6
,,,,,,1189,6
,,,,,,1190,10
,,,,,,1191,6
,,,,,,1192,6
,,,,,,1193,2
,,,,,,1194,8
,,,,,,1195,7
,,,,,,1196,4
,,,,,,1197,7
,,,,,,1198,8
,,,,,,1199,2
,,,,,,1200,8
,,,,,,1201,4
,,,,,,1202,9
,,,,,,1203,10
,,,,,,1204,10
,,,,,,1205,7
,,,,,,1206,12
,,,,,,1207,8
,,,,,,1208,9
,,,,,,1209,7
,,,,,,1210,15
,,,,,,1211,8
,,,,,,1212,7
,,,,,,1213,5
,,,,,,1214,11
,,,,,,1215,12
,,,,,,1216,15
,,,,,,1217,5
,,,,,,1218,9
,,,,,,1219,10
,,,,,,1220,12
,,,,,,1221,13
,,,,,,1222,11
,,,,,,1223,8
,,,,,,1224,10
,,,,,,1225,7
,,,,,,1226,5
,,,,,,1227,3
,,,,,,1228,10
,,,,,,1229,10
,,,,,,1230,5
,,,,,,1231,8
,,,,,,1232,5
,,,,,,1233,13
,,,,,,1234,10
,,,,,,1235,7
,,,,,,1236,10
,,,,,,1237,8
,,,,,,1238,15
,,,,,,1239,11
,,,,,,1240,9
,,,,,,1241,13
,,,,,,1242,2
,,,,,,1243,16
,,,,,,1244,8
,,,,,,1245,12
,,,,,,1246,12
,,,,,,1247,8
,,,,,,1248,11
,,,,,,1249,10
,,,,,,1250,11
,,,,,,1251,10
,,,,,,1252,8
,,,,,,1253,4
,,,,,,1254,10
,,,,,,1255,10
,,,,,,1256,3
,,,,,,1257,10
,,,,,,1258,8
,,,,,,1259,7
,,,,,,1260,7
,,,,,,1261,6
,,,,,,1262,9
,,,,,,1263,10
,,,,,,1264,11
,,,,,,1265,12
,,,,,,1266,10
,,,,,,1267,7
,,,,,,1268,5
,,,,,,1269,8
,,,,,,1270,6
,,,,,,1271,9
,,,,,,1272,9
,,,,,,1273,5
,,,,,,1274,5
,,,,,,1275,12
,,,,,,1276,11
,,,,,,1277,6
,,,,,,1278,8
,,,,,,1279,6
,,,,,,1280,8
,,,,,,1281,13
,,,,,,1282,5
,,,,,,1283,8
,,,,,,1284,6
,,,,,,1285,6
,,,,,,1286,8
,,,,,,1287,7
,,,,,,1288,10
,,,,,,1289,5
,,,,,,1290,10
,,,,,,1291,8
,,,,,,1292,4
,,,,,,1293,10
,,,,,,1294,7
,,,,,,1295,9
,,,,,,1296,7
,,,,,,1297,8
,,,,,,1298,7
,,,,,,1299,11
,,,,,,1300,3
,,,,,,1301,8
,,,,,,1302,1
,,,,,,1303,6
,,,,,,1304,3
,,,,,,1305,4
,,,,,,1306,2
,,,,,,1307,8
,,,,,,1308,6
,,,,,,1309,5
,,,,,,1310,3
,,,,,,1311,4
,,,,,,1312,6
,,,,,,1313,5
,,,,,,1315,6
,,,,,,1316,8
,,,,,,1317,3
,,,,,,1318,9
,,,,,,1319,4
,,,,,,1320,3
,,,,,,1321,5
,,,,,,1322,2
,,,,,,1323,7
,,,,,,1324,4
,,,,,,1325,2
,,,,,,1326,5
,,,,,,1327,3
,,,,,,1328,4
,,,,,,1329,4
,,,,,,1330,2
,,,,,,1331,3
,,,,,,1332,6
,,,,,,1333,7
,,,,,,1334,6
,,,,,,1335,6
,,,,,,1336,8
,,,,,,1337,7
,,,,,,1338,8
,,,,,,1339,7
,,,,,,1340,3
,,,,,,1341,6
,,,,,,1342,3
,,,,,,1343,5
,,,,,,1344,4
,,,,,,1345,3
,,,,,,1346,1
,,,,,,1347,5
,,,,,,1348,4
,,,,,,1349,2
,,,,,,1350,2
,,,,,,1351,3
,,,,,,1352,3
,,,,,,1353,7
,,,,,,1354,5
,,,,,,1355,4
,,,,,,1356,3
,,,,,,1357,4
,,,,,,1358,5
,,,,,,1359,10
,,,,,,1360,7
,,,,,,1361,3
,,,,,,1362,5
,,,,,,1363,4
,,,,,,1364,5
,,,,,,1365,3
,,,,,,1366,4
,,,,,,1367,9
,,,,,,1368,7
,,,,,,1369,3
,,,,,,1370,4
,,,,,,1371,4
,,,,,,1372,3
,,,,,,1373,4
,,,,,,1374,4
,,,,,,1375,6
,,,,,,1376,8
,,,,,,1377,5
,,,,,,1378,7
,,,,,,1379,10
,,,,,,1380,8
,,,,,,1381,7
,,,,,,1382,2
,,,,,,1383,8
,,,,,,1384,3
,,,,,,1385,4
,,,,,,1386,7
,,,,,,1387,4
,,,,,,1388,7
,,,,,,1389,5
,,,,,,1390,10
,,,,,,1391,4
,,,,,,1392,9
,,,,,,1393,2
,,,,,,1394,8
,,,,,,1395,4
,,,,,,1396,2
,,,,,,1397,7
,,,,,,1398,4
,,,,,,1399,4
,,,,,,1400,3
,,,,,,1401,3
,,,,,,1402,3
,,,,,,1403,5
,,,,,,1404,3
,,,,,,1405,3
,,,,,,1406,1
,,,,,,1407,5
,,,,,,1408,4
,,,,,,1409,4
,,,,,,1410,2
,,,,,,1411,3
,,,,,,1412,7
,,,,,,1413,6
,,,,,,1414,9
,,,,,,1415,4
,,,,,,1416,7
,,,,,,1417,2
,,,,,,1418,8
,,,,,,1419,3
,,,,,,1420,4
,,,,,,1421,7
,,,,,,1422,3
,,,,,,1423,3
,,,,,,1424,1
,,,,,,1425,10
,,,,,,1426,3
,,,,,,1427,7
,,,,,,1428,9
,,,,,,1429,5
,,,,,,1430,5
,,,,,,1431,2
,,,,,,1432,3
,,,,,,1433,3
,,,,,,1434,5
,,,,,,1435,5
,,,,,,1436,5
,,,,,,1437,6
,,,,,,1438,4
,,,,,,1439,5
,,,,,,1440,7
,,,,,,1441,6
,,,,,,1442,6
,,,,,,1443,8
,,,,,,1444,7
,,,,,,1445,5
,,,,,,1446,3
,,,,,,1447,7
,,,,,,1448,9
,,,,,,1449,5
,,,,,,1450,5
,,,,,,1451,7
,,,,,,1452,8
,,,,,,1453,8
,,,,,,1454,3
,,,,,,1455,6
,,,,,,1456,7
,,,,,,1457,3
,,,,,,1458,6
,,,,,,1459,10
,,,,,,1460,4
,,,,,,1461,4
,,,,,,1462,8
,,,,,,1463,3
,,,,,,1464,12
,,,,,,1465,2
,,,,,,1466,7
,,,,,,1467,7
,,,,,,1468,4
,,,,,,1469,5
,,,,,,1470,3
,,,,,,1471,9
,,,,,,1472,8
,,,,,,1473,6
,,,,,,1474,5
,,,,,,1475,7
,,,,,,1476,6
,,,,,,1477,8
,,,,,,1478,6
,,,,,,1479,7
,,,,,,1480,6
,,,,,,1481,4
,,,,,,1482,9
,,,,,,1483,9
,,,,,,1484,9
,,,,,,1485,10
,,,,,,1486,10
,,,,,,1487,5
,,,,,,1488,9
,,,,,,1489,5
,,,,,,1490,9
,,,,,,1491,9
,,,,,,1492,9
,,,,,,1493,5
,,,,,,1494,8
,,,,,,1495,6
,,,,,,1496,9
,,,,,,1497,8
,,,,,,1498,6
,,,,,,1499,4
,,,,,,1500,6
,,,,,,1501,8
,,,,,,1502,8
,,,,,,1503,5
,,,,,,1504,13
,,,,,,1505,4
,,,,,,1506,5
,,,,,,1507,4
,,,,,,1508,9
,,,,,,1509,7
,,,,,,1510,4
,,,,,,1511,8
,,,,,,1512,7
,,,,,,1513,5
,,,,,,1514,7
,,,,,,1515,7
,,,,,,1516,6
,,,,,,1517,4
,,,,,,1518,5
,,,,,,1519,7
,,,,,,1520,5
,,,,,,1521,5
,,,,,,1522,8
,,,,,,1523,3
,,,,,,1524,8
,,,,,,1525,7
,,,,,,1526,8
,,,,,,1527,3
,,,,,,1528,8
,,,,,,1529,6
,,,,,,1530,5
,,,,,,1531,9
,,,,,,1532,4
,,,,,,1533,5
,,,,,,1534,11
,,,,,,1535,10
,,,,,,1536,6
,,,,,,1537,8
,,,,,,1538,3
,,,,,,1539,10
,,,,,,1540,3
,,,,,,1541,3
,,,,,,1542,13
,,,,,,1543,3
,,,,,,1544,8
,,,,,,1545,6
,,,,,,1546,7
,,,,,,1547,9
,,,,,,1548,8
,,,,,,1549,2
,,,,,,1550,4
,,,,,,1551,4
,,,,,,1552,3
,,,,,,1554,2
,,,,,,1555,5
,,,,,,1556,5
,,,,,,1557,8
,,,,,,1558,5
,,,,,,1559,5
,,,,,,1560,9
,,,,,,1561,10
,,,,,,1562,10
,,,,,,1563,7
,,,,,,1564,8
,,,,,,1565,9
,,,,,,1566,10
,,,,,,1567,2
,,,,,,1568,5
,,,,,,1569,9
,,,,,,1570,2
,,,,,,1571,11
,,,,,,1572,10
,,,,,,1573,7
,,,,,,1574,9
,,,,,,1575,9
,,,,,,1576,3
,,,,,,1577,7
,,,,,,1578,7
,,,,,,1579,4
,,,,,,1580,7
,,,,,,1581,8
,,,,,,1582,5
,,,,,,1583,6
,,,,,,1584,6
,,,,,,1585,3
,,,,,,1586,3
,,,,,,1587,5
,,,,,,1588,4
,,,,,,1589,7
,,,,,,1590,7
,,,,,,1591,10
,,,,,,1592,3
,,,,,,1593,6
,,,,,,1594,6
,,,,,,1595,6
,,,,,,1596,7
,,,,,,1597,4
,,,,,,1598,2
,,,,,,1599,12
,,,,,,1600,10
,,,,,,1601,12
,,,,,,1602,7
,,,,,,1603,5
,,,,,,1604,3
,,,,,,1605,7
,,,,,,1606,9
,,,,,,1607,6
,,,,,,1608,7
,,,,,,1609,2
,,,,,,1610,5
,,,,,,1611,6
,,,,,,1612,5
,,,,,,1613,6
,,,,,,1614,3
,,,,,,1615,5
,,,,,,1616,2
,,,,,,1617,7
,,,,,,1618,6
,,,,,,1619,6
,,,,,,1620,7
,,,,,,1621,6
,,,,,,1622,2
,,,,,,1623,4
,,,,,,1624,3
,,,,,,1625,6
,,,,,,1626,8
,,,,,,1627,2
,,,,,,1628,7
,,,,,,1629,3
,,,,,,1630,2
,,,,,,1631,3
,,,,,,1632,6
,,,,,,1633,3
,,,,,,1634,4
,,,,,,1635,5
,,,,,,1636,5
,,,,,,1637,7
,,,,,,1638,4
,,,,,,1639,6
,,,,,,1640,6
,,,,,,1641,8
,,,,,,1642,8
,,,,,,1643,6
,,,,,,1644,7
,,,,,,1645,11
,,,,,,1646,6
,,,,,,1647,5
,,,,,,1648,10
,,,,,,1649,5
,,,,,,1650,6
,,,,,,1651,6
,,,,,,1652,6
,,,,,,1653,5
,,,,,,1654,3
,,,,,,1655,8
,,,,,,1656,4
,,,,,,1657,6
,,,,,,1658,4
,,,,,,1659,7
,,,,,,1660,7
,,,,,,1661,5
,,,,,,1662,7
,,,,,,1663,6
,,,,,,1664,2
,,,,,,1665,4
,,,,,,1666,3
,,,,,,1668,2
,,,,,,1669,4
,,,,,,1670,1
,,,,,,1671,6
,,,,,,1672,2
,,,,,,1673,1
,,,,,,1674,4
,,,,,,1675,3
,,,,,,1676,4
,,,,,,1677,4
,,,,,,1678,2
,,,,,,1679,3
,,,,,,1680,2
,,,,,,1681,4
,,,,,,1682,3
,,,,,,1683,3
,,,,,,1684,2
,,,,,,1685,5
,,,,,,1686,4
,,,,,,1687,5
,,,,,,1688,3
,,,,,,1689,1
,,,,,,1690,5
,,,,,,1691,4
,,,,,,1692,2
,,,,,,1693,6
,,,,,,1694,1
,,,,,,1695,3
,,,,,,1696,2
,,,,,,1697,2
,,,,,,1698,5
,,,,,,1699,2
,,,,,,1700,1
,,,,,,1701,5
,,,,,,1702,2
,,,,,,1703,1
,,,,,,1705,3
,,,,,,1707,2
,,,,,,1708,3
,,,,,,1709,7
,,,,,,1710,2
,,,,,,1711,2
,,,,,,1712,4
,,,,,,1713,4
,,,,,,1714,3
,,,,,,1715,3
,,,,,,1716,2
,,,,,,1717,2
,,,,,,1718,4
,,,,,,1719,6
,,,,,,1720,5
,,,,,,1721,5
,,,,,,1722,3
,,,,,,1723,3
,,,,,,1724,3
,,,,,,1725,4
,,,,,,1726,2
,,,,,,1727,3
,,,,,,1728,3
,,,,,,1729,4
,,,,,,1730,5
,,,,,,1731,2
,,,,,,1732,2
,,,,,,1733,2
,,,,,,1734,6
,,,,,,1735,5
,,,,,,1736,2
,,,,,,1737,4
,,,,,,1738,9
,,,,,,1739,7
,,,,,,1740,3
,,,,,,1741,4
,,,,,,1742,6
,,,,,,1743,5
,,,,,,1744,4
,,,,,,1745,3
,,,,,,1746,9
,,,,,,1747,5
,,,,,,1748,4
,,,,,,1749,4
,,,,,,1750,8
,,,,,,1751,7
,,,,,,1752,3
,,,,,,1753,5
,,,,,,1754,4
,,,,,,1755,7
,,,,,,1756,6
,,,,,,1757,8
,,,,,,1758,6
,,,,,,1759,2
,,,,,,1760,6
,,,,,,1761,2
,,,,,,1762,3
,,,,,,1763,6
,,,,,,1764,5
,,,,,,1765,5
,,,,,,1766,6
,,,,,,1767,5
,,,,,,1768,2
,,,,,,1769,6
,,,,,,1770,9
,,,,,,1771,3
,,,,,,1772,6
,,,,,,1773,10
,,,,,,1774,10
,,,,,,1775,9
,,,,,,1776,7
,,,,,,1777,12
,,,,,,1778,4
,,,,,,1779,6
,,,,,,1780,8
,,,,,,1781,4
,,,,,,1782,4
,,,,,,1783,6
,,,,,,1784,4
,,,,,,1785,9
,,,,,,1786,8
,,,,,,1787,8
,,,,,,1788,17
,,,,,,1789,5
,,,,,,1790,4
,,,,,,1791,6
,,,,,,1792,4
,,,,,,1793,7
,,,,,,1794,3
,,,,,,1795,4
,,,,,,1796,6
,,,,,,1797,5
,,,,,,1798,6
,,,,,,1799,4
,,,,,,1800,6
,,,,,,1801,5
,,,,,,1802,4
,,,,,,1803,9
,,,,,,1804,5
,,,,,,1805,3
,,,,,,1806,4
,,,,,,1807,3
,,,,,,1808,7
,,,,,,1809,5
,,,,,,1810,6
,,,,,,1811,2
,,,,,,1812,3
,,,,,,1813,10
,,,,,,1814,3
,,,,,,1815,9
,,,,,,1816,4
,,,,,,1817,2
,,,,,,1818,6
,,,,,,1819,3
,,,,,,1820,2
,,,,,,1821,4
,,,,,,1822,1
,,,,,,1823,9
,,,,,,1824,3
,,,,,,1825,6
,,,,,,1826,4
,,,,,,1827,4
,,,,,,1828,2
,,,,,,1829,8
,,,,,,1830,7
,,,,,,1831,7
,,,,,,1832,4
,,,,,,1833,4
,,,,,,1834,8
,,,,,,1835,5
,,,,,,1836,5
,,,,,,1837,4
,,,,,,1838,7
,,,,,,1839,2
,,,,,,1840,9
,,,,,,1841,7
,,,,,,1842,9
,,,,,,1843,10
,,,,,,1844,6
,,,,,,1845,7
,,,,,,1846,9
,,,,,,1847,4
,,,,,,1848,7
,,,,,,1849,9
,,,,,,1850,6
,,,,,,1851,3
,,,,,,1852,4
,,,,,,1853,12
,,,,,,1854,6
,,,,,,1855,4
,,,,,,1856,8
,,,,,,1857,6
,,,,,,1858,8
,,,,,,1859,6
,,,,,,1860,6
,,,,,,1861,8
,,,,,,1862,7
,,,,,,1863,6
,,,,,,1864,5
,,,,,,1865,6
,,,,,,1866,6
,,,,,,1867,3
,,,,,,1868,10
,,,,,,1869,4
,,,,,,1870,8
,,,,,,1871,4
,,,,,,1872,7
,,,,,,1873,7
,,,,,,1874,3
,,,,,,1875,8
,,,,,,1876,4
,,,,,,1877,6
,,,,,,1878,9
,,,,,,1879,5
,,,,,,1880,9
,,,,,,1881,8
,,,,,,1882,4
,,,,,,1883,7
,,,,,,1884,10
,,,,,,1885,9
,,,,,,1886,12
,,,,,,1887,12
,,,,,,1888,5
,,,,,,1889,5
,,,,,,1890,6
,,,,,,1891,10
,,,,,,1892,7
,,,,,,1893,6
,,,,,,1894,6
,,,,,,1895,10
,,,,,,1896,5
,,,,,,1897,5
,,,,,,1898,6
,,,,,,1899,9
,,,,,,1900,8
,,,,,,1901,7
,,,,,,1902,6
,,,,,,1903,5
,,,,,,1904,3
,,,,,,1905,6
,,,,,,1906,5
,,,,,,1907,8
,,,,,,1908,6
,,,,,,1909,3
,,,,,,1910,4
,,,,,,1911,6
,,,,,,1912,5
,,,,,,1913,5
,,,,,,1914,3
,,,,,,1915,5
,,,,,,1916,3
,,,,,,1917,7
,,,,,,1918,1
,,,,,,1919,8
,,,,,,1920,7
,,,,,,1921,12
,,,,,,1922,8
,,,,,,1923,5
,,,,,,1924,5
,,,,,,1925,3
,,,,,,1926,6
,,,,,,1927,5
,,,,,,1928,5
,,,,,,1929,3
,,,,,,1930,4
,,,,,,1931,8
,,,,,,1932,6
,,,,,,1933,2
,,,,,,1934,4
,,,,,,1935,7
,,,,,,1936,2
,,,,,,1937,5
,,,,,,1938,5
,,,,,,1939,4
,,,,,,1940,4
,,,,,,1941,5
,,,,,,1942,6
,,,,,,1943,4
,,,,,,1944,7
,,,,,,1945,4
,,,,,,1946,6
,,,,,,1948,3
,,,,,,1949,6
,,,,,,1950,5
,,,,,,1951,6
,,,,,,1952,8
,,,,,,1953,4
,,,,,,1954,7
,,,,,,1955,6
,,,,,,1956,2
,,,,,,1957,3
,,,,,,1958,6
,,,,,,1959,7
,,,,,,1960,9
,,,,,,1961,1
,,,,,,1962,6
,,,,,,1963,4
,,,,,,1964,6
,,,,,,1965,5
,,,,,,1966,7
,,,,,,1967,6
,,,,,,1968,5
,,,,,,1969,4
,,,,,,1970,3
,,,,,,1971,6
,,,,,,1972,11
,,,,,,1973,5
,,,,,,1974,9
,,,,,,1975,5
,,,,,,1976,8
,,,,,,1977,3
,,,,,,1978,3
,,,,,,1979,2
,,,,,,1980,1
,,,,,,1981,8
,,,,,,1982,1
,,,,,,1983,6
,,,,,,1984,1
,,,,,,1985,3
,,,,,,1986,8
,,,,,,1987,4
,,,,,,1988,6
,,,,,,1989,7
,,,,,,1990,4
,,,,,,1991,4
,,,,,,1992,8
,,,,,,1993,6
,,,,,,1994,3
,,,,,,1995,1
,,,,,,1996,4
,,,,,,1997,4
,,,,,,1998,3
,,,,,,1999,1
,,,,,,2000,4
,,,,,,2001,1
,,,,,,2002,7
,,,,,,2003,4
,,,,,,2004,1
,,,,,,2005,7
,,,,,,2006,2
,,,,,,2008,6
,,,,,,2009,7
,,,,,,2010,3
,,,,,,2011,7
,,,,,,2012,5
,,,,,,2013,5
,,,,,,2014,5
,,,,,,2015,2
,,,,,,2016,2
,,,,,,2017,3
,,,,,,2019,4
,,,,,,2020,3
,,,,,,2021,8
,,,,,,2022,6
,,,,,,2023,3
,,,,,,2024,2
,,,,,,2025,5
,,,,,,2026,2
,,,,,,2027,7
,,,,,,2028,3
,,,,,,2029,2
,,,,,,2030,7
,,,,,,2031,7
,,,,,,2032,4
,,,,,,2033,7
,,,,,,2034,6
,,,,,,2035,3
,,,,,,2036,4
,,,,,,2037,4
,,,,,,2038,5
,,,,,,2039,5
,,,,,,2040,6
,,,,,,2041,8
,,,,,,2042,7
,,,,,,2043,7
,,,,,,2044,8
,,,,,,2045,5
,,,,,,2046,6
,,,,,,2047,6
,,,,,,2048,3
,,,,,,2049,9
,,,,,,2050,4
,,,,,,2051,4
,,,,,,2052,5
,,,,,,2054,4
,,,,,,2055,8
,,,,,,2056,4
,,,,,,2057,6
,,,,,,2058,6
,,,,,,2059,8
,,,,,,2060,7
,,,,,,2061,4
,,,,,,2062,5
,,,,,,2063,6
,,,,,,2064,5
,,,,,,2065,4
,,,,,,2066,7
,,,,,,2067,9
,,,,,,2068,6
,,,,,,2069,7
,,,,,,2070,9
,,,,,,2071,3
,,,,,,2072,6
,,,,,,2073,10
,,,,,,2074,8
,,,,,,2075,9
,,,,,,2076,7
,,,,,,2077,6
,,,,,,2078,9
,,,,,,2079,5
,,,,,,2080,4
,,,,,,2081,10
,,,,,,2082,3
,,,,,,2083,12
,,,,,,2084,7
,,,,,,2085,6
,,,,,,2086,15
,,,,,,2087,7
,,,,,,2088,2
,,,,,,2089,10
,,,,,,2090,4
,,,,,,2091,6
,,,,,,2092,9
,,,,,,2093,4
,,,,,,2094,5
,,,,,,2095,4
,,,,,,2096,6
,,,,,,2097,3
,,,,,,2098,4
,,,,,,2099,7
,,,,,,2100,7
,,,,,,2101,3
,,,,,,2102,4
,,,,,,2103,3
,,,,,,2104,3
,,,,,,2105,3
,,,,,,2106,8
,,,,,,2107,4
,,,,,,2108,6
,,,,,,2109,10
,,,,,,2110,4
,,,,,,2111,1
,,,,,,2112,5
,,,,,,2113,8
,,,,,,2114,7
,,,,,,2115,5
,,,,,,2116,2
,,,,,,2117,3
,,,,,,2118,3
,,,,,,2119,5
,,,,,,2120,2
,,,,,,2121,6
,,,,,,2122,6
,,,,,,2123,4
,,,,,,2124,5
,,,,,,2125,3
,,,,,,2126,3
,,,,,,2127,7
,,,,,,2128,4
,,,,,,2129,3
,,,,,,2130,6
,,,,,,2131,5
,,,,,,2132,1
,,,,,,2133,7
,,,,,,2134,3
,,,,,,2135,7
,,,,,,2136,4
,,,,,,2137,6
,,,,,,2138,4
,,,,,,2139,4
,,,,,,2141,7
,,,,,,2142,8
,,,,,,2143,2
,,,,,,2144,5
,,,,,,2145,7
,,,,,,2146,4
,,,,,,2147,4
,,,,,,2148,3
,,,,,,2149,5
,,,,,,2150,5
,,,,,,2151,6
,,,,,,2152,7
,,,,,,2153,8
,,,,,,2154,4
,,,,,,2155,6
,,,,,,2156,8
,,,,,,2157,6
,,,,,,2158,5
,,,,,,2159,8
,,,,,,2160,2
,,,,,,2161,2
,,,,,,2162,6
,,,,,,2163,2
,,,,,,2164,4
,,,,,,2165,6
,,,,,,2166,2
,,,,,,2168,6
,,,,,,2169,5
,,,,,,2170,5
,,,,,,2172,5
,,,,,,2173,4
,,,,,,2174,4
,,,,,,2175,5
,,,,,,2176,1
,,,,,,2177,3
,,,,,,2178,2
,,,,,,2179,3
,,,,,,2180,2
,,,,,,2181,3
,,,,,,2183,3
,,,,,,2184,6
,,,,,,2185,4
,,,,,,2186,2
,,,,,,2187,6
,,,,,,2188,1
,,,,,,2189,2
,,,,,,2190,5
,,,,,,2191,4
,,,,,,2192,3
,,,,,,2193,5
,,,,,,2194,3
,,,,,,2195,5
,,,,,,2196,2
,,,,,,2197,3
,,,,,,2198,3
,,,,,,2199,3
,,,,,,2200,2
,,,,,,2201,4
,,,,,,2202,3
,,,,,,2203,1
,,,,,,2204,2
,,,,,,2205,1
,,,,,,2206,8
,,,,,,2207,2
,,,,,,2208,4
,,,,,,2210,4
,,,,,,2211,2
,,,,,,2212,4
,,,,,,2213,2
,,,,,,2214,5
,,,,,,2215,4
,,,,,,2217,1
,,,,,,2218,2
,,,,,,2219,3
,,,,,,2220,4
,,,,,,2221,2
,,,,,,2222,6
,,,,,,2223,3
,,,,,,2224,3
,,,,,,2225,2
,,,,,,2226,2
,,,,,,2227,1
,,,,,,2230,1
,,,,,,2231,3
,,,,,,2232,1
,,,,,,2234,1
,,,,,,2235,2
,,,,,,2238,1
,,,,,,2239,3
,,,,,,2241,3
,,,,,,2242,1
,,,,,,2245,1
,,,,,,2246,2
,,,,,,2247,1
,,,,,,2249,1
,,,,,,2251,2
,,,,,,2252,2
,,,,,,2253,2
,,,,,,2254,2
,,,,,,2255,2
,,,,,,2256,4
,,,,,,2257,1
,,,,,,2259,2
,,,,,,2260,4
,,,,,,2263,2
,,,,,,2264,3
,,,,,,2265,1
,,,,,,2268,1
,,,,,,2269,1
,,,,,,2270,2
,,,,,,2271,1
,,,,,,2272,1
,,,,,,2275,2
,,,,,,2277,2
,,,,,,2278,2
,,,,,,2279,1
,,,,,,2280,2
,,,,,,2281,2
,,,,,,2286,5
,,,,,,2287,3
,,,,,,2289,3
,,,,,,2290,2
,,,,,,2291,1
,,,,,,2292,1
,,,,,,2294,4
,,,,,,2295,1
,,,,,,2296,3
,,,,,,2297,3
,,,,,,2298,1
,,,,,,2299,4
,,,,,,2301,2
,,,,,,2302,3
,,,,,,2303,2
,,,,,,2304,2
,,,,,,2305,1
,,,,,,2306,3
,,,,,,2307,2
,,,,,,2308,3
,,,,,,2309,2
,,,,,,2310,1
,,,,,,2311,3
,,,,,,2312,1
,,,,,,2313,2
,,,,,,2314,3
,,,,,,2315,5
,,,,,,2316,3
,,,,,,2317,1
,,,,,,2318,2
,,,,,,2319,4
,,,,,,2320,3
,,,,,,2321,5
,,,,,,2322,3
,,,,,,2323,1
,,,,,,2324,1
,,,,,,2325,5
,,,,,,2326,6
,,,,,,2327,4
,,,,,,2328,3
,,,,,,2329,4
,,,,,,2330,2
,,,,,,2331,3
,,,,,,2332,1
,,,,,,2333,4
,,,,,,2334,5
,,,,,,2335,4
,,,,,,2336,3
,,,,,,2337,6
,,,,,,2338,6
,,,,,,2339,1
,,,,,,2340,3
,,,,,,2341,2
,,,,,,2342,2
,,,,,,2343,3
,,,,,,2344,3
,,,,,,2345,4
,,,,,,2346,1
,,,,,,2347,4
,,,,,,2348,1
,,,,,,2349,3
,,,,,,2350,3
,,,,,,2351,5
,,,,,,2352,1
,,,,,,2353,2
,,,,,,2354,2
,,,,,,2355,4
,,,,,,2357,8
,,,,,,2358,8
,,,,,,2359,2
,,,,,,2360,4
,,,,,,2361,5
,,,,,,2362,1
,,,,,,2363,4
,,,,,,2364,6
,,,,,,2365,2
,,,,,,2366,7
,,,,,,2367,3
,,,,,,2368,5
,,,,,,2369,3
,,,,,,2370,2
,,,,,,2371,5
,,,,,,2372,3
,,,,,,2373,1
,,,,,,2374,4
,,,,,,2375,3
,,,,,,2376,3
,,,,,,2377,3
,,,,,,2378,1
,,,,,,2379,4
,,,,,,2380,2
,,,,,,2381,2
,,,,,,2382,4
,,,,,,2383,2
,,,,,,2384,4
,,,,,,2386,4
,,,,,,2387,2
,,,,,,2388,3
,,,,,,2389,2
,,,,,,2390,4
,,,,,,2391,3
,,,,,,2392,3
,,,,,,2393,5
,,,,,,2394,5
,,,,,,2395,7
,,,,,,2396,2
,,,,,,2397,9
,,,,,,2398,3
,,,,,,2399,3
,,,,,,2400,5
,,,,,,2401,3
,,,,,,2403,3
,,,,,,2404,5
,,,,,,2405,6
,,,,,,2406,5
,,,,,,2407,2
,,,,,,2408,6
,,,,,,2410,2
,,,,,,2411,3
,,,,,,2412,4
,,,,,,2413,5
,,,,,,2414,3
,,,,,,2415,2
,,,,,,2416,2
,,,,,,2417,1
,,,,,,2418,3
,,,,,,2419,1
,,,,,,2420,1
,,,,,,2421,1
,,,,,,2422,2
,,,,,,2423,1
,,,,,,2424,6
,,,,,,2425,3
,,,,,,2426,2
,,,,,,2427,1
,,,,,,2428,4
,,,,,,2429,3
,,,,,,2430,1
,,,,,,2431,1
,,,,,,2432,1
,,,,,,2433,1
,,,,,,2434,1
,,,,,,2435,5
,,,,,,2436,3
,,,,,,2437,2
,,,,,,2438,4
,,,,,,2439,3
,,,,,,2440,2
,,,,,,2441,3
,,,,,,2442,2
,,,,,,2443,2
,,,,,,2444,2
,,,,,,2445,2
,,,,,,2446,3
,,,,,,2447,3
,,,,,,2448,5
,,,,,,2449,2
,,,,,,2450,1
,,,,,,2451,2
,,,,,,2452,4
,,,,,,2453,3
,,,,,,2454,3
,,,,,,2455,3
,,,,,,2456,6
,,,,,,2457,2
,,,,,,2458,1
,,,,,,2459,4
,,,,,,2460,10
,,,,,,2461,4
,,,,,,2462,5
,,,,,,2463,7
,,,,,,2464,3
,,,,,,2465,3
,,,,,,2466,8
,,,,,,2467,2
,,,,,,2468,6
,,,,,,2469,1
,,,,,,2470,2
,,,,,,2471,2
,,,,,,2472,7
,,,,,,2473,5
,,,,,,2474,5
,,,,,,2475,3
,,,,,,2476,6
,,,,,,2477,2
,,,,,,2478,4
,,,,,,2479,2
,,,,,,2480,7
,,,,,,2482,4
,,,,,,2483,2
,,,,,,2484,3
,,,,,,2485,5
,,,,,,2486,3
,,,,,,2487,3
,,,,,,2488,1
,,,,,,2489,4
,,,,,,2490,1
,,,,,,2491,1
,,,,,,2493,9
,,,,,,2494,2
,,,,,,2495,5
,,,,,,2496,2
,,,,,,2497,4
,,,,,,2498,4
,,,,,,2499,1
,,,,,,2500,3
,,,,,,2501,5
,,,,,,2502,2
,,,,,,2503,6
,,,,,,2504,4
,,,,,,2505,2
,,,,,,2506,4
,,,,,,2507,5
,,,,,,2508,5
,,,,,,2509,1
,,,,,,2510,2
,,,,,,2511,2
,,,,,,2512,7
,,,,,,2513,5
,,,,,,2514,3
,,,,,,2515,3
,,,,,,2516,5
,,,,,,2517,6
,,,,,,2518,2
,,,,,,2519,2
,,,,,,2520,3
,,,,,,2521,3
,,,,,,2522,2
,,,,,,2523,2
,,,,,,2524,5
,,,,,,2525,3
,,,,,,2526,2
,,,,,,2527,5
,,,,,,2528,5
,,,,,,2529,2
,,,,,,2530,2
,,,,,,2531,1
,,,,,,2532,1
,,,,,,2533,2
,,,,,,2534,1
,,,,,,2535,2
,,,,,,2536,3
,,,,,,2537,3
,,,,,,2538,3
,,,,,,2539,1
,,,,,,2540,1
,,,,,,2541,2
,,,,,,2542,1
,,,,,,2543,4
,,,,,,2544,4
,,,,,,2545,3
,,,,,,2546,7
,,,,,,2547,3
,,,,,,2548,4
,,,,,,2549,3
,,,,,,2551,5
,,,,,,2552,1
,,,,,,2553,3
,,,,,,2554,4
,,,,,,2555,2
,,,,,,2556,2
,,,,,,2557,4
,,,,,,2558,4
,,,,,,2559,3
,,,,,,2560,4
,,,,,,2561,3
,,,,,,2562,5
,,,,,,2563,5
,,,,,,2564,2
,,,,,,2565,4
,,,,,,2566,3
,,,,,,2567,5
,,,,,,2568,3
,,,,,,2569,4
,,,,,,2570,3
,,,,,,2571,7
,,,,,,2572,7
,,,,,,2573,2
,,,,,,2574,1
,,,,,,2575,3
,,,,,,2576,4
,,,,,,2577,3
,,,,,,2578,7
,,,,,,2579,3
,,,,,,2580,2
,,,,,,2581,2
,,,,,,2582,4
,,,,,,2584,5
,,,,,,2585,1
,,,,,,2586,3
,,,,,,2587,3
,,,,,,2588,3
,,,,,,2589,1
,,,,,,2590,1
,,,,,,2591,1
,,,,,,2592,7
,,,,,,2593,4
,,,,,,2594,1
,,,,,,2595,2
,,,,,,2596,6
,,,,,,2598,2
,,,,,,2599,2
,,,,,,2601,2
,,,,,,2602,1
,,,,,,2603,3
,,,,,,2604,3
,,,,,,2605,2
,,,,,,2606,2
,,,,,,2607,1
,,,,,,2609,3
,,,,,,2610,2
,,,,,,2611,2
,,,,,,2612,1
,,,,,,2613,5
,,,,,,2614,1
,,,,,,2615,3
,,,,,,2616,2
,,,,,,2617,2
,,,,,,2618,1
,,,,,,2619,2
,,,,,,2620,2
,,,,,,2621,1
,,,,,,2622,2
,,,,,,2623,2
,,,,,,2624,1
,,,,,,2625,1
,,,,,,2626,3
,,,,,,2628,1
,,,,,,2629,1
,,,,,,2630,2
,,,,,,2631,2
,,,,,,2633,1
,,,,,,2634,1
,,,,,,2635,1
,,,,,,2636,1
,,,,,,2638,2
,,,,,,2639,1
,,,,,,2640,2
,,,,,,2641,2
,,,,,,2642,2
,,,,,,2643,1
,,,,,,2644,3
,,,,,,2645,1
,,,,,,2646,1
,,,,,,2647,3
,,,,,,2648,2
,,,,,,2649,2
,,,,,,2650,2
,,,,,,2651,6
,,,,,,2652,2
,,,,,,2653,2
,,,,,,2655,1
,,,,,,2656,1
,,,,,,2657,4
,,,,,,2658,5
,,,,,,2659,3
,,,,,,2660,4
,,,,,,2661,3
,,,,,,2662,2
,,,,,,2663,2
,,,,,,2665,2
,,,,,,2666,3
,,,,,,2667,4
,,,,,,2668,1
,,,,,,2670,4
,,,,,,2672,1
,,,,,,2673,2
,,,,,,2674,1
,,,,,,2675,1
,,,,,,2676,3
,,,,,,2677,1
,,,,,,2679,3
,,,,,,2684,1
,,,,,,2685,1
,,,,,,2687,1
,,,,,,2689,1
,,,,,,2690,1
,,,,,,2693,2
,,,,,,2694,1
,,,,,,2696,1
,,,,,,2697,3
,,,,,,2698,3
,,,,,,2699,1
,,,,,,2700,2
,,,,,,2701,1
,,,,,,2703,1
,,,,,,2704,2
,,,,,,2705,1
,,,,,,2707,1
,,,,,,2708,1
,,,,,,2709,1
,,,,,,2710,2
,,,,,,2711,3
,,,,,,2712,4
,,,,,,2713,1
,,,,,,2714,1
,,,,,,2715,1
,,,,,,2716,4
,,,,,,2717,2
,,,,,,2718,2
,,,,,,2719,2
,,,,,,2720,1
,,,,,,2721,2
,,,,,,2722,3
,,,,,,2723,1
,,,,,,2724,1
,,,,,,2725,2
,,,,,,2729,1
,,,,,,2730,2
,,,,,,2733,1
,,,,,,2735,1
,,,,,,2736,4
,,,,,,2737,2
,,,,,,2738,1
,,,,,,2739,1
,,,,,,2743,1
,,,,,,2745,1
,,,,,,2746,2
,,,,,,2748,2
,,,,,,2749,2
,,,,,,2750,2
,,,,,,2752,2
,,,,,,2754,1
,,,,,,2756,1
,,,,,,2757,3
,,,,,,2758,3
,,,,,,2759,2
,,,,,,2760,3
,,,,,,2761,1
,,,,,,2762,1
,,,,,,2763,1
,,,,,,2764,4
,,,,,,2765,1
,,,,,,2766,2
,,,,,,2767,1
,,,,,,2768,2
,,,,,,2770,2
,,,,,,2771,1
,,,,,,2772,1
,,,,,,2773,1
,,,,,,2774,1
,,,,,,2775,1
,,,,,,2776,2
,,,,,,2777,4
,,,,,,2778,3
,,,,,,2779,1
,,,,,,2786,1
,,,,,,2787,1
,,,,,,2790,3
,,,,,,2791,1
,,,,,,2792,1
,,,,,,2794,1
,,,,,,2795,1
,,,,,,2796,1
,,,,,,2797,1
,,,,,,2798,2
,,,,,,2804,1
,,,,,,2809,1
,,,,,,2814,3
,,,,,,2816,1
,,,,,,2817,3
,,,,,,2818,2
,,,,,,2820,2
,,,,,,2821,1
,,,,,,2823,1
,,,,,,2824,2
,,,,,,2825,1
,,,,,,2828,2
,,,,,,2830,2
,,,,,,2831,1
,,,,,,2832,2
,,,,,,2833,1
,,,,,,2834,1
,,,,,,2836,2
,,,,,,2837,3
,,,,,,2839,1
,,,,,,2840,1
,,,,,,2841,1
,,,,,,2843,1
,,,,,,2844,3
,,,,,,2845,1
,,,,,,2846,1
,,,,,,2847,1
,,,,,,2849,2
,,,,,,2850,1
,,,,,,2851,3
,,,,,,2852,2
,,,,,,2853,2
,,,,,,2855,2
,,,,,,2856,4
,,,,,,2857,4
,,,,,,2858,4
,,,,,,2859,2
,,,,,,2861,4
,,,,,,2862,1
,,,,,,2863,2
,,,,,,2864,3
,,,,,,2865,1
,,,,,,2866,1
,,,,,,2867,2
,,,,,,2868,4
,,,,,,2869,4
,,,,,,2870,3
,,,,,,2871,3
,,,,,,2873,5
,,,,,,2874,6
,,,,,,2875,3
,,,,,,2877,2
,,,,,,2878,2
,,,,,,2879,4
,,,,,,2880,4
,,,,,,2881,4
,,,,,,2882,2
,,,,,,2883,3
,,,,,,2884,2
,,,,,,2885,1
,,,,,,2888,4
,,,,,,2889,4
,,,,,,2890,2
,,,,,,2891,1
,,,,,,2893,2
,,,,,,2895,1
,,,,,,2896,1
,,,,,,2897,3
,,,,,,2898,1
,,,,,,2899,2
,,,,,,2900,2
,,,,,,2901,1
,,,,,,2903,2
,,,,,,2904,2
,,,,,,2905,4
,,,,,,2906,2
,,,,,,2907,1
,,,,,,2908,2
,,,,,,2909,3
,,,,,,2910,2
,,,,,,2911,1
,,,,,,2912,2
,,,,,,2913,1
,,,,,,2914,1
,,,,,,2915,3
,,,,,,2916,2
,,,,,,2917,1
,,,,,,2918,2
,,,,,,2919,4
,,,,,,2921,1
,,,,,,2922,1
,,,,,,2923,2
,,,,,,2924,3
,,,,,,2925,3
,,,,,,2926,3
,,,,,,2927,1
,,,,,,2928,3
,,,,,,2929,2
,,,,,,2930,1
,,,,,,2931,6
,,,,,,2933,2
,,,,,,2935,1
,,,,,,2936,1
,,,,,,2937,1
,,,,,,2938,3
,,,,,,2940,1
,,,,,,2941,1
,,,,,,2942,2
,,,,,,2943,1
,,,,,,2944,1
,,,,,,2946,3
,,,,,,2949,1
,,,,,,2953,3
,,,,,,2954,2
,,,,,,2955,2
,,,,,,2956,2
,,,,,,2957,5
,,,,,,2958,2
,,,,,,2961,1
,,,,,,2962,3
,,,,,,2963,1
,,,,,,2965,2
,,,,,,2966,2
,,,,,,2967,1
,,,,,,2968,1
,,,,,,2969,1
,,,,,,2970,2
,,,,,,2971,1
,,,,,,2972,1
,,,,,,2973,3
,,,,,,2974,2
,,,,,,2975,2
,,,,,,2976,1
,,,,,,2977,3
,,,,,,2978,3
,,,,,,2979,2
,,,,,,2981,1
,,,,,,2982,1
,,,,,,2983,1
,,,,,,2984,1
,,,,,,2985,1
,,,,,,2986,1
,,,,,,2987,1
,,,,,,2988,2
,,,,,,2989,1
,,,,,,2990,1
,,,,,,2992,2
,,,,,,2993,2
,,,,,,2994,2
,,,,,,2995,1
,,,,,,3000,1
,,,,,,3001,1
,,,,,,3004,2
,,,,,,3005,1
,,,,,,3007,1
,,,,,,3008,3
,,,,,,3011,1
,,,,,,3013,1
,,,,,,3016,1
,,,,,,3018,1
,,,,,,3019,1
,,,,,,3020,2
,,,,,,3021,1
,,,,,,3022,1
,,,,,,3023,2
,,,,,,3024,1
,,,,,,3025,1
,,,,,,3026,3
,,,,,,3028,2
,,,,,,3029,1
,,,,,,3030,1
,,,,,,3031,1
,,,,,,3033,3
,,,,,,3034,1
,,,,,,3037,1
,,,,,,3040,1
,,,,,,3043,1
,,,,,,3044,1
,,,,,,3046,2
,,,,,,3047,2
,,,,,,3048,1
,,,,,,3049,1
,,,,,,3050,2
,,,,,,3052,1
,,,,,,3053,2
,,,,,,3054,3
,,,,,,3060,4
,,,,,,3061,1
,,,,,,3062,1
,,,,,,3064,1
,,,,,,3065,1
,,,,,,3067,1
,,,,,,3068,2
,,,,,,3069,1
,,,,,,3070,1
,,,,,,3073,1
,,,,,,3074,4
,,,,,,3075,2
,,,,,,3076,2
,,,,,,3077,5
,,,,,,3078,1
,,,,,,3079,1
,,,,,,3080,2
,,,,,,3081,3
,,,,,,3082,2
,,,,,,3083,3
,,,,,,3084,3
,,,,,,3087,3
,,,,,,3088,2
,,,,,,3089,3
,,,,,,3090,1
,,,,,,3091,1
,,,,,,3092,1
,,,,,,3093,2
,,,,,,3094,1
,,,,,,3095,1
,,,,,,3097,1
,,,,,,3099,1
,,,,,,3100,1
,,,,,,3101,1
,,,,,,3102,2
,,,,,,3103,2
,,,,,,3105,1
,,,,,,3106,3
,,,,,,3108,1
,,,,,,3109,1
,,,,,,3111,2
,,,,,,3113,4
,,,,,,3115,1
,,,,,,3116,1
,,,,,,3123,3
,,,,,,3124,1
,,,,,,3126,1
,,,,,,3127,1
,,,,,,3128,2
,,,,,,3129,3
,,,,,,3130,1
,,,,,,3131,3
,,,,,,3132,1
,,,,,,3133,1
,,,,,,3136,1
,,,,,,3137,1
,,,,,,3138,1
,,,,,,3139,2
,,,,,,3141,2
,,,,,,3143,1
,,,,,,3144,1
,,,,,,3146,1
,,,,,,3148,3
,,,,,,3149,2
,,,,,,3150,3
,,,,,,3151,1
,,,,,,3152,1
,,,,,,3154,1
,,,,,,3155,2
,,,,,,3157,1
,,,,,,3158,2
,,,,,,3159,2
,,,,,,3160,2
,,,,,,3161,2
,,,,,,3164,3
,,,,,,3166,2
,,,,,,3167,3
,,,,,,3168,1
,,,,,,3169,1
,,,,,,3171,2
,,,,,,3172,1
,,,,,,3173,1
,,,,,,3174,1
,,,,,,3175,1
,,,,,,3176,1
,,,,,,3177,5
,,,,,,3178,2
,,,,,,3179,1
,,,,,,3181,1
,,,,,,3182,3
,,,,,,3184,2
,,,,,,3185,5
,,,,,,3186,4
,,,,,,3187,2
,,,,,,3188,1
,,,,,,3189,1
,,,,,,3191,1
,,,,,,3192,2
,,,,,,3193,1
,,,,,,3194,6
,,,,,,3195,1
,,,,,,3196,1
,,,,,,3197,1
,,,,,,3198,3
,,,,,,3200,1
,,,,,,3201,3
,,,,,,3202,1
,,,,,,3204,1
,,,,,,3206,2
,,,,,,3207,2
,,,,,,3208,2
,,,,,,3209,5
,,,,,,3210,1
,,,,,,3211,2
,,,,,,3212,1
,,,,,,3213,2
,,,,,,3214,3
,,,,,,3215,1
,,,,,,3217,2
,,,,,,3218,1
,,,,,,3219,2
,,,,,,3220,1
,,,,,,3221,3
,,,,,,3222,2
,,,,,,3223,7
,,,,,,3224,1
,,,,,,3225,3
,,,,,,3226,1
,,,,,,3227,5
,,,,,,3228,1
,,,,,,3229,2
,,,,,,3230,1
,,,,,,3231,2
,,,,,,3232,1
,,,,,,3233,2
,,,,,,3234,5
,,,,,,3235,2
,,,,,,3236,2
,,,,,,3238,3
,,,,,,3239,2
,,,,,,3240,4
,,,,,,3242,1
,,,,,,3243,5
,,,,,,3244,5
,,,,,,3245,2
,,,,,,3246,4
,,,,,,3247,1
,,,,,,3248,3
,,,,,,3250,2
,,,,,,3251,2
,,,,,,3252,4
,,,,,,3253,2
,,,,,,3254,1
,,,,,,3255,4
,,,,,,3256,4
,,,,,,3257,3
,,,,,,3258,3
,,,,,,3259,4
,,,,,,3260,2
,,,,,,3261,2
,,,,,,3262,6
,,,,,,3263,1
,,,,,,3264,2
,,,,,,3265,6
,,,,,,3266,3
,,,,,,3267,4
,,,,,,3268,2
,,,,,,3269,2
,,,,,,3270,2
,,,,,,3271,1
,,,,,,3272,1
,,,,,,3273,1
,,,,,,3274,2
,,,,,,3275,4
,,,,,,3276,1
,,,,,,3278,2
,,,,,,3279,1
,,,,,,3280,4
,,,,,,3281,1
,,,,,,3282,2
,,,,,,3283,3
,,,,,,3284,1
,,,,,,3285,2
,,,,,,3289,2
,,,,,,3293,2
,,,,,,3295,1
,,,,,,3296,1
,,,,,,3297,1
,,,,,,3302,2
,,,,,,3303,1
,,,,,,3304,1
,,,,,,3305,1
,,,,,,3308,1
,,,,,,3310,2
,,,,,,3314,2
,,,,,,3315,1
,,,,,,3316,1
,,,,,,3317,2
,,,,,,3319,1
,,,,,,3320,1
,,,,,,3322,3
,,,,,,3323,1
,,,,,,3324,2
,,,,,,3325,1
,,,,,,3326,2
,,,,,,3327,1
,,,,,,3328,1
,,,,,,3329,1
,,,,,,3330,2
,,,,,,3331,2
,,,,,,3333,1
,,,,,,3334,1
,,,,,,3337,1
,,,,,,3338,1
,,,,,,3339,2
,,,,,,3341,1
,,,,,,3343,2
,,,,,,3344,1
,,,,,,3345,2
,,,,,,3346,1
,,,,,,3347,1
,,,,,,3348,2
,,,,,,3349,1
,,,,,,3350,3
,,,,,,3354,1
,,,,,,3364,2
,,,,,,3365,2
,,,,,,3366,1
,,,,,,3370,3
,,,,,,3373,1
,,,,,,3374,3
,,,,,,3375,1
,,,,,,3376,1
,,,,,,3378,1
,,,,,,3379,2
,,,,,,3380,2
,,,,,,3383,2
,,,,,,3384,1
,,,,,,3385,2
,,,,,,3388,1
,,,,,,3391,1
,,,,,,3392,1
,,,,,,3393,1
,,,,,,3394,1
,,,,,,3396,1
,,,,,,3397,1
,,,,,,3398,2
,,,,,,3399,2
,,,,,,3400,2
,,,,,,3401,2
,,,,,,3402,2
,,,,,,3403,1
,,,,,,3406,2
,,,,,,3407,3
,,,,,,3408,1
,,,,,,3409,3
,,,,,,3410,1
,,,,,,3411,2
,,,,,,3412,2
,,,,,,3414,2
,,,,,,3415,2
,,,,,,3416,4
,,,,,,3418,1
,,,,,,3419,1
,,,,,,3420,1
,,,,,,3425,2
,,,,,,3426,2
,,,,,,3428,1
,,,,,,3430,1
,,,,,,3431,2
,,,,,,3432,1
,,,,,,3433,1
,,,,,,3436,3
,,,,,,3438,2
,,,,,,3441,2
,,,,,,3442,2
,,,,,,3443,1
,,,,,,3447,1
,,,,,,3448,1
,,,,,,3449,1
,,,,,,3452,2
,,,,,,3455,1
,,,,,,3457,3
,,,,,,3459,2
,,,,,,3462,1
,,,,,,3467,1
,,,,,,3468,1
,,,,,,3471,1
,,,,,,3472,2
,,,,,,3476,1
,,,,,,3477,1
,,,,,,3478,1
,,,,,,3481,1
,,,,,,3483,1
,,,,,,3490,1
,,,,,,3492,1
,,,,,,3493,1
,,,,,,3497,1
,,,,,,3499,4
,,,,,,3503,1
,,,,,,3507,1
,,,,,,3509,1
,,,,,,3526,2
,,,,,,3529,1
,,,,,,3530,1
,,,,,,3535,1
,,,,,,3536,1
,,,,,,3539,1
,,,,,,3541,2
,,,,,,3542,1
,,,,,,3545,2
,,,,,,3549,2
,,,,,,3550,1
,,,,,,3551,1
,,,,,,3559,1
,,,,,,3561,1
,,,,,,3562,2
,,,,,,3563,1
,,,,,,3567,1
,,,,,,3570,1
,,,,,,3571,2
,,,,,,3578,3
,,,,,,3580,1
,,,,,,3583,1
,,,,,,3584,1
,,,,,,3590,1
,,,,,,3591,2
,,,,,,3592,1
,,,,,,3598,2
,,,,,,3599,1
,,,,,,3601,1
,,,,,,3606,1
,,,,,,3609,3
,,,,,,3614,1
,,,,,,3618,2
,,,,,,3620,2
,,,,,,3622,1
,,,,,,3624,1
,,,,,,3625,1
,,,,,,3626,2
,,,,,,3629,1
,,,,,,3631,1
,,,,,,3634,2
,,,,,,3640,2
,,,,,,3641,1
,,,,,,3643,1
,,,,,,3646,1
,,,,,,3648,1
,,,,,,3649,1
,,,,,,3650,1
,,,,,,3654,1
,,,,,,3655,1
,,,,,,3658,3
,,,,,,3659,1
,,,,,,3661,1
,,,,,,3667,1
,,,,,,3670,1
,,,,,,3672,1
,,,,,,3675,1
,,,,,,3679,1
,,,,,,3681,1
,,,,,,3684,1
,,,,,,3686,2
,,,,,,3695,1
,,,,,,3696,1
,,,,,,3707,1
,,,,,,3711,1
,,,,,,3712,1
,,,,,,3713,1
,,,,,,3721,1
,,,,,,3728,2
,,,,,,3729,2
,,,,,,3731,2
,,,,,,3732,1
,,,,,,3733,1
,,,,,,3734,1
,,,,,,3737,1
,,,,,,3738,1
,,,,,,3739,1
,,,,,,3742,1
,,,,,,3745,1
,,,,,,3747,1
,,,,,,3751,1
,,,,,,3752,3
,,,,,,3753,1
,,,,,,3754,1
,,,,,,3755,1
,,,,,,3756,2
,,,,,,3757,1
,,,,,,3758,2
,,,,,,3759,1
,,,,,,3761,2
,,,,,,3762,1
,,,,,,3767,1
,,,,,,3769,1
,,,,,,3772,1
,,,,,,3774,2
,,,,,,3776,2
,,,,,,3778,2
,,,,,,3779,1
,,,,,,3780,1
,,,,,,3785,1
,,,,,,3786,1
,,,,,,3788,1
,,,,,,3789,1
,,,,,,3791,1
,,,,,,3795,1
,,,,,,3799,1
,,,,,,3802,1
,,,,,,3805,1
,,,,,,3806,1
,,,,,,3809,1
,,,,,,3817,1
,,,,,,3823,1
,,,,,,3830,1
,,,,,,3833,1
,,,,,,3835,1
,,,,,,3853,1
,,,,,,3859,1
,,,,,,3861,1
,,,,,,3869,2
,,,,,,3870,1
,,,,,,3875,1
,,,,,,3876,1
,,,,,,3877,1
,,,,,,3878,1
,,,,,,3879,1
,,,,,,3882,1
,,,,,,3893,1
,,,,,,3899,1
,,,,,,3903,1
,,,,,,3904,1
,,,,,,3906,1
,,,,,,3913,1
,,,,,,3914,1
,,,,,,3919,2
,,,,,,3935,1
,,,,,,3942,1
,,,,,,3957,1
,,,,,,3962,1
,,,,,,3963,1
,,,,,,3964,1
,,,,,,3968,1
,,,,,,3975,2
,,,,,,3979,1
,,,,,,3980,2
,,,,,,3982,2
,,,,,,3987,1
,,,,,,3991,1
,,,,,,3993,1
,,,,,,3996,1
,,,,,,4018,1
,,,,,,4022,1
,,,,,,4025,1
,,,,,,4027,1
,,,,,,4028,1
,,,,,,4030,1
,,,,,,4034,1
,,,,,,4039,1
,,,,,,4048,1
,,,,,,4058,1
,,,,,,4059,1
,,,,,,4064,1
,,,,,,4075,3
,,,,,,4080,1
,,,,,,4082,1
,,,,,,4084,2
,,,,,,4088,1
,,,,,,4089,2
,,,,,,4090,1
,,,,,,4091,2
,,,,,,4096,1
,,,,,,4100,1
,,,,,,4101,1
,,,,,,4104,2
,,,,,,4105,1
,,,,,,4107,1
,,,,,,4108,2
,,,,,,4109,2
,,,,,,4110,1
,,,,,,4112,1
,,,,,,4116,1
,,,,,,4117,2
,,,,,,4120,1
,,,,,,4126,2
,,,,,,4128,1
,,,,,,4129,1
,,,,,,4132,1
,,,,,,4134,2
,,,,,,4138,2
,,,,,,4140,1
,,,,,,4141,1
,,,,,,4142,2
,,,,,,4147,2
,,,,,,4152,1
,,,,,,4153,1
,,,,,,4158,1
,,,,,,4159,1
,,,,,,4160,1
,,,,,,4162,2
,,,,,,4163,1
,,,,,,4168,1
,,,,,,4169,1
,,,,,,4170,2
,,,,,,4172,2
,,,,,,4173,1
,,,,,,4174,1
,,,,,,4179,1
,,,,,,4182,1
,,,,,,4183,1
,,,,,,4185,1
,,,,,,4186,2
,,,,,,4189,1
,,,,,,4191,1
,,,,,,4195,2
,,,,,,4197,1
,,,,,,4200,1
,,,,,,4204,1
,,,,,,4208,1
,,,,,,4210,1
,,,,,,4212,1
,,,,,,4215,2
,,,,,,4218,1
,,,,,,4223,1
,,,,,,4224,1
,,,,,,4228,1
,,,,,,4235,1
,,,,,,4238,2
,,,,,,4244,1
,,,,,,4246,1
,,,,,,4249,1
,,,,,,4250,1
,,,,,,4254,1
,,,,,,4256,1
,,,,,,4258,1
,,,,,,4259,2
,,,,,,4260,3
,,,,,,4262,1
,,,,,,4266,2
,,,,,,4268,2
,,,,,,4270,3
,,,,,,4271,1
,,,,,,4273,2
,,,,,,4275,1
,,,,,,4276,1
,,,,,,4289,1
,,,,,,4293,1
,,,,,,4294,1
,,,,,,4296,1
,,,,,,4297,1
,,,,,,4300,1
,,,,,,4302,2
,,,,,,4307,1
,,,,,,4308,1
,,,,,,4311,1
,,,,,,4317,1
,,,,,,4318,1
,,,,,,4323,1
,,,,,,4325,1
,,,,,,4326,1
,,,,,,4328,1
,,,,,,4330,1
,,,,,,4332,1
,,,,,,4333,1
,,,,,,4336,2
,,,,,,4354,1
,,,,,,4356,1
,,,,,,4359,1
,,,,,,4361,1
,,,,,,4365,2
,,,,,,4366,1
,,,,,,4370,1
,,,,,,4374,1
,,,,,,4399,1
,,,,,,4414,1
,,,,,,4436,1
,,,,,,4441,1
,,,,,,4449,1
,,,,,,4482,2
,,,,,,4503,1
,,,,,,4509,1
,,,,,,4511,1
,,,,,,4519,1
,,,,,,4533,1
,,,,,,4545,1
,,,,,,4556,1
,,,,,,4558,1
,,,,,,4563,1
,,,,,,4576,1
,,,,,,4577,1
,,,,,,4579,1
,,,,,,4583,1
,,,,,,4589,1
,,,,,,4590,1
,,,,,,4592,1
,,,,,,4593,1
,,,,,,4594,1
,,,,,,4595,1
,,,,,,4608,3
,,,,,,4610,1
,,,,,,4613,2
,,,,,,4614,1
,,,,,,4616,1
,,,,,,4618,1
,,,,,,4622,1
,,,,,,4627,1
,,,,,,4636,1
,,,,,,4661,1
,,,,,,4664,2
,,,,,,4665,1
,,,,,,4674,1
,,,,,,4694,1
,,,,,,4700,1
,,,,,,4704,1
,,,,,,4709,1
,,,,,,4716,1
,,,,,,4732,1
,,,,,,4739,1
,,,,,,4742,1
,,,,,,4751,1
,,,,,,4760,1
,,,,,,4774,1
,,,,,,4794,1
,,,,,,4827,1
,,,,,,4829,1
,,,,,,4831,1
,,,,,,4875,1
,,,,,,4895,1
,,,,,,4904,1
,,,,,,4908,1
,,,,,,4969,1
,,,,,,5023,1
,,,,,,5073,1
,,,,,,5095,1
,,,,,,5102,1
,,,,,,5105,1
,,,,,,5118,1
,,,,,,5216,1
,,,,,,5258,1
,,,,,,5326,1
,,,,,,5435,1
,,,,,,5478,1
,,,,,,5490,1
,,,,,,5551,1
,,,,,,5584,1
,,,,,,5588,1
,,,,,,5598,1
,,,,,,5617,1
,,,,,,5633,1
,,,,,,5708,1
,,,,,,5841,1
,,,,,,5984,1
,,,,,,6059,1
,,,,,,6078,1
,,,,,,6096,1
,,,,,,6142,1
,,,,,,6180,1
,,,,,,6181,1
,,,,,,6211,1
,,,,,,6244,1
,,,,,,6375,1
,,,,,,6415,1
,,,,,,6502,1
,,,,,,6573,1
,,,,,,6756,1
,,,,,,6809,1
,,,,,,6832,1
,,,,,,7024,1
,,,,,,7050,1
,,,,,,7263,1
,,,,,,7466,1
,,,,,,7531,1
,,,,,,7574,1
,,,,,,7756,1
,,,,,,7763,1
,,,,,,7886,1
,,,,,,7916,1
,,,,,,7967,1
,,,,,,7994,1
,,,,,,8067,1
,,,,,,8157,1
,,,,,,8443,1
,,,,,,8649,1
,,,,,,8769,1
,,,,,,8801,1
,,,,,,8951,1
,,,,,,9183,1
,,,,,,9219,1
,,,,,,9334,1
,,,,,,9375,1
,,,,,,9409,1
,,,,,,9577,1
,,,,,,9632,1
,,,,,,10133,1
,,,,,,11311,1
,,,,,,11670,1
,,,,,,12501,1
,,,,,,13454,1
,,,,,,18519,1
,,,,,,20381,1
